-- ============================================================
-- ValuePick 샘플 데이터 INSERT
-- 단위: 재무수치 = 백만원(M KRW) / 주가·시가총액 = 원(KRW)
-- ============================================================

SET NAMES utf8mb4;

-- ============================================================
-- 1. MARKET_INDEX (KOSPI 지수 - 최근 5거래일)
-- idxNm = 'KOSPI' 로 고정 (서비스에서 이 값으로 조회)
-- ============================================================
INSERT INTO MARKET_INDEX (basDd, idxNm, flucRt, opnprcIdx, clsprcIdx, cmpprevddIdx, mktcap) VALUES
('2026-06-20', 'KOSPI', -0.52, 2580.30, 2571.45, -13.42, 2010000000000000),
('2026-06-19', 'KOSPI',  1.23, 2545.80, 2584.87,  31.40, 2020000000000000),
('2026-06-18', 'KOSPI', -0.31, 2558.20, 2553.47,  -8.02, 2005000000000000),
('2026-06-17', 'KOSPI',  0.78, 2537.60, 2561.49,  19.75, 2015000000000000),
('2026-06-16', 'KOSPI', -1.15, 2570.40, 2541.74, -29.55, 1990000000000000);


-- ============================================================
-- 2. EXCHANGE (환율 - curUnit='USD' 로 서비스 조회)
-- ============================================================
INSERT INTO EXCHANGE (curUnit, baseDate, country, dealBasR, changeRate, changeAmount) VALUES
('USD', '2026-06-20', '미국', 1380.50,  0.32,  4.40),
('EUR', '2026-06-20', '유럽', 1490.20, -0.15, -2.25),
('JPY', '2026-06-20', '일본',    8.92,  0.10,  0.01),
('CNH', '2026-06-20', '중국',  190.30,  0.05,  0.10);


-- ============================================================
-- 3. COMPANY (코스피 주요 기업 20개)
-- corp_cls: Y=유가증권(코스피)
-- ============================================================
INSERT INTO COMPANY (stock_code, corp_code, corp_name, corp_cls, created_at, updated_at) VALUES
('005930', '00126380', '삼성전자',        'Y', NOW(), NOW()),
('000660', '00164779', 'SK하이닉스',      'Y', NOW(), NOW()),
('373220', '01426955', 'LG에너지솔루션',  'Y', NOW(), NOW()),
('207940', '00935816', '삼성바이오로직스','Y', NOW(), NOW()),
('005380', '00164742', '현대차',          'Y', NOW(), NOW()),
('005490', '00130601', 'POSCO홀딩스',     'Y', NOW(), NOW()),
('000270', '00106641', '기아',            'Y', NOW(), NOW()),
('035720', '00258801', '카카오',          'Y', NOW(), NOW()),
('035420', '00532142', 'NAVER',           'Y', NOW(), NOW()),
('051910', '00356361', 'LG화학',          'Y', NOW(), NOW()),
('068270', '00119651', '셀트리온',        'Y', NOW(), NOW()),
('006400', '00126309', '삼성SDI',         'Y', NOW(), NOW()),
('105560', '00547583', 'KB금융',          'Y', NOW(), NOW()),
('055550', '00382199', '신한지주',        'Y', NOW(), NOW()),
('086790', '00806090', '하나금융지주',    'Y', NOW(), NOW()),
('316140', '00388188', '우리금융지주',    'Y', NOW(), NOW()),
('028260', '00126360', '삼성물산',        'Y', NOW(), NOW()),
('012330', '00164807', '현대모비스',      'Y', NOW(), NOW()),
('033780', '00220490', 'KT&G',            'Y', NOW(), NOW()),
('017670', '00178320', 'SK텔레콤',        'Y', NOW(), NOW());


-- ============================================================
-- 4. STOCK_PRICE (2026-06-20 기준 주가)
-- mkp=시가, clpr=종가, flt_rt=등락률(%)
-- ============================================================
INSERT INTO STOCK_PRICE (srtn_cd, bas_dt, clpr, lstg_st_cnt, mrkt_tot_amt, created_at, updated_at, mkp, flt_rt) VALUES
('005930', '2026-06-20',  74800, 5969782550, 446620294740000, NOW(), NOW(),  75200, -0.53),
('000660', '2026-06-20', 189000,  728002365, 137572447285000, NOW(), NOW(), 191000,  1.07),
('373220', '2026-06-20', 380000,  234750000,  89205000000000, NOW(), NOW(), 382000, -0.52),
('207940', '2026-06-20', 838000,   71174000,  59643812000000, NOW(), NOW(), 840000,  0.24),
('005380', '2026-06-20', 248000,  212897702,  52798630896000, NOW(), NOW(), 249000, -0.40),
('005490', '2026-06-20', 278000,   84571000,  23510738000000, NOW(), NOW(), 280000, -0.71),
('000270', '2026-06-20',  90000,  404525215,  36407269350000, NOW(), NOW(),  90500,  0.56),
('035720', '2026-06-20',  34000,  886320905,  30134910770000, NOW(), NOW(),  33800, -0.29),
('035420', '2026-06-20', 175000,  163681227,  28644214725000, NOW(), NOW(), 174500,  0.29),
('051910', '2026-06-20', 320000,   70592343,  22589549760000, NOW(), NOW(), 322000, -0.62),
('068270', '2026-06-20', 175000,  138368773,  24214535275000, NOW(), NOW(), 174000,  0.57),
('006400', '2026-06-20', 280000,   68764530,  19254068400000, NOW(), NOW(), 282000, -0.71),
('105560', '2026-06-20',  82000,  421600000,  34571200000000, NOW(), NOW(),  82500,  0.61),
('055550', '2026-06-20',  48000,  503130000,  24150240000000, NOW(), NOW(),  47800, -0.41),
('086790', '2026-06-20',  62000,  298070000,  18480340000000, NOW(), NOW(),  62500,  0.81),
('316140', '2026-06-20',  15500,  729432510,  11306203905000, NOW(), NOW(),  15600, -0.64),
('028260', '2026-06-20', 115000,  196636862,  22613239130000, NOW(), NOW(), 114500,  0.44),
('012330', '2026-06-20', 235000,   94988506,  22322199410000, NOW(), NOW(), 236000, -0.42),
('033780', '2026-06-20',  95000,  137916819,  13102097805000, NOW(), NOW(),  95500,  0.53),
('017670', '2026-06-20',  51500,  233745018,  12037968427000, NOW(), NOW(),  51800, -0.58);


-- ============================================================
-- 5. FINANCIAL_STATEMENT (2024년 사업보고서, 연결재무제표)
-- reprt_code: 11011=사업보고서 / fs_div: CFS=연결재무제표
-- ============================================================
INSERT INTO FINANCIAL_STATEMENT (bsns_year, stock_code, reprt_code, fs_div, revenue, operating_income, net_income, total_assets, total_liabilities, total_equity) VALUES
('2024', '005930', '11011', 'CFS', 300866947,  32726509, 34454607, 455905004, 125988891, 329916113),
('2024', '000660', '11011', 'CFS', 102083000,  26098000, 19456000, 109538000,  32611000,  76927000),
('2024', '373220', '11011', 'CFS',  31802000,   2453000,  1620000,  51842000,  29453000,  22389000),
('2024', '207940', '11011', 'CFS',   4215000,   1178000,   988000,  12456000,   3210000,   9246000),
('2024', '005380', '11011', 'CFS', 175322000,  15240000, 12580000, 283456000, 172340000, 111116000),
('2024', '005490', '11011', 'CFS',  83456000,   6234000,  4120000, 102340000,  58230000,  44110000),
('2024', '000270', '11011', 'CFS', 102568000,  12340000,  9870000, 195670000, 112340000,  83330000),
('2024', '035720', '11011', 'CFS',   8456000,    345000,   210000,  17890000,   9230000,   8660000),
('2024', '035420', '11011', 'CFS',   9876000,   1234000,   987000,  20340000,   8230000,  12110000),
('2024', '051910', '11011', 'CFS',  55670000,   1234000,   670000,  78450000,  42340000,  36110000),
('2024', '068270', '11011', 'CFS',   3456000,    890000,   720000,   9870000,   2340000,   7530000),
('2024', '006400', '11011', 'CFS',  18920000,    345000,   280000,  38450000,  18230000,  20220000),
('2024', '105560', '11011', 'CFS',  14560000,   3670000,  3210000,  68900000,  56780000,  12120000),
('2024', '055550', '11011', 'CFS',  12340000,   3450000,  2890000,  65430000,  54230000,  11200000),
('2024', '086790', '11011', 'CFS',  10980000,   2890000,  2340000,  58900000,  48230000,  10670000),
('2024', '316140', '11011', 'CFS',   8900000,   2130000,  1780000,  44560000,  37890000,   6670000),
('2024', '028260', '11011', 'CFS',  43210000,   2130000,  1890000,  65430000,  38900000,  26530000),
('2024', '012330', '11011', 'CFS',  58900000,   4560000,  3450000,  78900000,  45670000,  33230000),
('2024', '033780', '11011', 'CFS',   5670000,   1450000,  1120000,   9870000,   2890000,   6980000),
('2024', '017670', '11011', 'CFS',  17890000,   1780000,  1340000,  35670000,  23450000,  12220000);


-- ============================================================
-- 6. STOCK_INDICATOR (투자 지표)
-- ============================================================
INSERT INTO STOCK_INDICATOR (stock_code, per, pbr, roe, debt_ratio, dividend_yield, calculated_at, eps, bps) VALUES
('005930',  12.95, 1.35, 10.43,  38.17, 2.67, NOW(),  5776,  55452),
('000660',   7.08, 1.79, 25.29,  42.40, 0.53, NOW(), 26695, 105650),
('373220',  55.12, 4.01,  7.29, 131.55, 0.00, NOW(),  6897,  94762),
('207940', 120.48, 9.15,  7.59,  34.72, 0.12, NOW(),  6957,  91680),
('005380',   7.91, 0.81, 10.24, 155.10, 2.42, NOW(), 31352, 306940),
('005490',   8.45, 0.62,  7.34, 132.00, 3.59, NOW(), 32900, 447200),
('000270',   5.23, 0.82, 15.67, 134.84, 3.33, NOW(), 17213, 109600),
('035720',  38.10, 0.98,  2.41, 106.59, 0.00, NOW(),   893,  34720),
('035420',  28.37, 2.36,  8.32,  67.96, 0.57, NOW(),  6168,  74160),
('051910',  82.50, 0.88,  1.07, 117.24, 1.25, NOW(),  3879, 363200),
('068270',  33.60, 3.24, 11.52,  31.08, 0.57, NOW(), 52080,  54030),
('006400',  80.00, 1.38,  1.38,  90.16, 1.07, NOW(),  3500, 202800),
('105560',   7.45, 0.68, 26.49, 468.40, 4.87, NOW(), 11011, 120720),
('055550',   7.21, 0.62, 25.80, 484.46, 5.20, NOW(),  6659,  77510),
('086790',   7.58, 0.58, 21.93, 452.48, 4.84, NOW(),  8184, 106860),
('316140',   6.24, 0.39, 26.69, 567.77, 6.45, NOW(),  2484,  39800),
('028260',  17.30, 0.86, 10.96, 146.63, 1.74, NOW(),  9620, 133600),
('012330',  10.73, 0.71,  6.61, 137.41, 2.12, NOW(), 21905, 331700),
('033780',  11.48, 1.87, 16.30,  41.39, 3.36, NOW(),  8276,  50790),
('017670',  16.24, 1.55,  9.55, 191.90, 3.88, NOW(),  3172,  33210);


-- ============================================================
-- 7. DIVIDEND_INFO (배당 정보 - 배당 지급 기업)
-- corp_code 기준 (COMPANY.corp_code 참조)
-- ============================================================
INSERT INTO DIVIDEND_INFO (corp_code, dividend_kind, dividend_amount, stlm_dt) VALUES
('00126380', '현금배당', 1444, '2024-12-31 00:00:00'),
('00164742', '현금배당', 6000, '2024-12-31 00:00:00'),
('00130601', '현금배당', 9000, '2024-12-31 00:00:00'),
('00106641', '현금배당', 3000, '2024-12-31 00:00:00'),
('00547583', '현금배당', 3540, '2024-12-31 00:00:00'),
('00382199', '현금배당', 2250, '2024-12-31 00:00:00'),
('00806090', '현금배당', 3000, '2024-12-31 00:00:00'),
('00388188', '현금배당', 1000, '2024-12-31 00:00:00'),
('00220490', '현금배당', 3200, '2024-12-31 00:00:00'),
('00178320', '현금배당', 2000, '2024-12-31 00:00:00');


-- ============================================================
-- 8. TOP100 (가치투자 랭킹 - 2026-06-20 기준)
-- ============================================================
INSERT INTO TOP100 (base_dt, corp_code, stock_code, score) VALUES
('2026-06-20', '00106641', '000270', 95),
('2026-06-20', '00164742', '005380', 92),
('2026-06-20', '00547583', '105560', 90),
('2026-06-20', '00388188', '316140', 88),
('2026-06-20', '00382199', '055550', 87),
('2026-06-20', '00806090', '086790', 85),
('2026-06-20', '00178320', '017670', 83),
('2026-06-20', '00220490', '033780', 81),
('2026-06-20', '00130601', '005490', 79),
('2026-06-20', '00126380', '005930', 78),
('2026-06-20', '00164779', '000660', 75),
('2026-06-20', '00164807', '012330', 73),
('2026-06-20', '00126360', '028260', 71),
('2026-06-20', '00119651', '068270', 68),
('2026-06-20', '00532142', '035420', 65),
('2026-06-20', '00356361', '051910', 62),
('2026-06-20', '00126309', '006400', 58),
('2026-06-20', '01426955', '373220', 55),
('2026-06-20', '00258801', '035720', 45),
('2026-06-20', '00935816', '207940', 40);


-- ============================================================
-- 9. USER (테스트 계정)
-- 비밀번호는 테스트용 평문 (실제 서비스 시 암호화 필요)
-- ============================================================
INSERT INTO `USER` (id, password, nickname, role, created_at, updated_at) VALUES
('admin@valuepick.com', 'admin1234', '관리자',   'ADMIN', NOW(), NOW()),
('test@valuepick.com',  'test1234',  '테스트유저', 'USER', NOW(), NOW());


-- ============================================================
-- 10. USER_FAVORITE (관심종목)
-- ============================================================
INSERT INTO USER_FAVORITE (user_id, stock_code, created_at, updated_at) VALUES
('test@valuepick.com', '005930', NOW(), NOW()),
('test@valuepick.com', '000270', NOW(), NOW()),
('test@valuepick.com', '105560', NOW(), NOW());


-- ============================================================
-- 11. INVESTMENT_JOURNAL (투자 일지)
-- ============================================================
INSERT INTO INVESTMENT_JOURNAL (user_id, title, content, created_at, updated_at) VALUES
('test@valuepick.com', '삼성전자 매수 일지', 'PER 12배, 배당수익률 2.67% 매력적. 반도체 업황 회복 기대로 매수 결정.', NOW(), NOW()),
('test@valuepick.com', '기아 분석 메모',     '저PER(5.2), 높은 ROE(15.67%) 조합. 전기차 전환 리스크 vs 배당 매력 비교.', NOW(), NOW());


-- ============================================================
-- 12. COMMENT (댓글)
-- ============================================================
INSERT INTO COMMENT (journal_id, user_id, content, created_at, updated_at) VALUES
(1, 'admin@valuepick.com', '좋은 분석이네요. 반도체 사이클 바닥권으로 보입니다.', NOW(), NOW()),
(1, 'test@valuepick.com',  '맞아요. HBM 수요가 계속 늘고 있어서 긍정적으로 봅니다.', NOW(), NOW()),
(2, 'admin@valuepick.com', '기아 PER 5배는 정말 저평가 구간이죠.', NOW(), NOW());
